Date,Year,Weeks,Mode of Transport,Statistic Label,Demand,Sex,Age Group,Demand %,date,Indicator,Rain,Temperature(c),Soil
2021-01-02,2021.0,Week 05,Rail,Passenger Journeys,105426.0,,,,,,,,
2021-01-02,2021.0,Week 05,"Bus, excluding Dublin Metro",Passenger Journeys,201849.0,,,,,,,,
2021-01-02,2021.0,Week 05,"All public transport, excluding LUAS",Passenger Journeys,1098464.0,,,,,,,,
2021-01-02,2021.0,Week 05,Dublin Metro Bus,Passenger Journeys,791189.0,,,,,,,,
2021-01-03,2021.0,Week 09,Rail,Passenger Journeys,142782.0,,,,,,,,
2021-01-03,2021.0,Week 09,"All public transport, excluding LUAS",Passenger Journeys,1330175.0,,,,,,,,
2021-01-03,2021.0,Week 09,"Bus, excluding Dublin Metro",Passenger Journeys,240137.0,,,,,,,,
2021-01-03,2021.0,Week 09,Dublin Metro Bus,Passenger Journeys,947256.0,,,,,,,,
2021-01-11,2021.0,Week 44,Rail,Passenger Journeys,569327.0,,,,,,,,
2021-01-11,2021.0,Week 44,"All public transport, excluding LUAS",Passenger Journeys,3397163.0,,,,,,,,
2021-01-11,2021.0,Week 44,Dublin Metro Bus,Passenger Journeys,2239515.0,,,,,,,,
2021-01-11,2021.0,Week 44,"Bus, excluding Dublin Metro",Passenger Journeys,588321.0,,,,,,,,
2021-01-18,2021.0,Week 03,Dublin Metro Bus,Passenger Journeys,731273.0,,,,,,,,
2021-01-18,2021.0,Week 03,"Bus, excluding Dublin Metro",Passenger Journeys,184441.0,,,,,,,,
2021-01-18,2021.0,Week 03,Rail,Passenger Journeys,93456.0,,,,,,,,
2021-01-18,2021.0,Week 03,"All public transport, excluding LUAS",Passenger Journeys,1009170.0,,,,,,,,
2021-01-25,2021.0,Week 04,"All public transport, excluding LUAS",Passenger Journeys,1025401.0,,,,,,,,
2021-01-25,2021.0,Week 04,"Bus, excluding Dublin Metro",Passenger Journeys,189266.0,,,,,,,,
2021-01-25,2021.0,Week 04,Rail,Passenger Journeys,93322.0,,,,,,,,
2021-01-25,2021.0,Week 04,Dublin Metro Bus,Passenger Journeys,742813.0,,,,,,,,
2021-02-08,2021.0,Week 31,Dublin Metro Bus,Passenger Journeys,1509235.0,,,,,,,,
2021-02-08,2021.0,Week 31,"All public transport, excluding LUAS",Passenger Journeys,2306444.0,,,,,,,,
2021-02-08,2021.0,Week 31,Rail,Passenger Journeys,386299.0,,,,,,,,
2021-02-08,2021.0,Week 31,"Bus, excluding Dublin Metro",Passenger Journeys,410910.0,,,,,,,,
2021-02-15,2021.0,Week 07,Rail,Passenger Journeys,114588.0,,,,,,,,
2021-02-15,2021.0,Week 07,"Bus, excluding Dublin Metro",Passenger Journeys,210651.0,,,,,,,,
2021-02-15,2021.0,Week 07,Dublin Metro Bus,Passenger Journeys,849801.0,,,,,,,,
2021-02-15,2021.0,Week 07,"All public transport, excluding LUAS",Passenger Journeys,1175040.0,,,,,,,,
2021-02-22,2021.0,Week 08,Rail,Passenger Journeys,127685.0,,,,,,,,
2021-02-22,2021.0,Week 08,Dublin Metro Bus,Passenger Journeys,884911.0,,,,,,,,
2021-02-22,2021.0,Week 08,"Bus, excluding Dublin Metro",Passenger Journeys,218084.0,,,,,,,,
2021-02-22,2021.0,Week 08,"All public transport, excluding LUAS",Passenger Journeys,1230680.0,,,,,,,,
2021-03-05,2021.0,Week 18,"All public transport, excluding LUAS",Passenger Journeys,1599881.0,,,,,,,,
2021-03-05,2021.0,Week 18,"Bus, excluding Dublin Metro",Passenger Journeys,287627.0,,,,,,,,
2021-03-05,2021.0,Week 18,Rail,Passenger Journeys,216234.0,,,,,,,,
2021-03-05,2021.0,Week 18,Dublin Metro Bus,Passenger Journeys,1096020.0,,,,,,,,
2021-03-15,2021.0,Week 11,"All public transport, excluding LUAS",Passenger Journeys,1354709.0,,,,,,,,
2021-03-15,2021.0,Week 11,"Bus, excluding Dublin Metro",Passenger Journeys,246289.0,,,,,,,,
2021-03-15,2021.0,Week 11,Rail,Passenger Journeys,144852.0,,,,,,,,
2021-03-15,2021.0,Week 11,Dublin Metro Bus,Passenger Journeys,963568.0,,,,,,,,
2021-03-22,2021.0,Week 12,"Bus, excluding Dublin Metro",Passenger Journeys,260235.0,,,,,,,,
2021-03-22,2021.0,Week 12,Dublin Metro Bus,Passenger Journeys,1015358.0,,,,,,,,
2021-03-22,2021.0,Week 12,"All public transport, excluding LUAS",Passenger Journeys,1424746.0,,,,,,,,
2021-03-22,2021.0,Week 12,Rail,Passenger Journeys,149153.0,,,,,,,,
2021-03-29,2021.0,Week 13,"All public transport, excluding LUAS",Passenger Journeys,1440498.0,,,,,,,,
2021-03-29,2021.0,Week 13,"Bus, excluding Dublin Metro",Passenger Journeys,259578.0,,,,,,,,
2021-03-29,2021.0,Week 13,Rail,Passenger Journeys,172949.0,,,,,,,,
2021-03-29,2021.0,Week 13,Dublin Metro Bus,Passenger Journeys,1007971.0,,,,,,,,
2021-04-01,2021.0,Week 01,Dublin Metro Bus,Passenger Journeys,747912.0,,,,,,,,
2021-04-01,2021.0,Week 01,Rail,Passenger Journeys,107227.0,,,,,,,,
2021-04-01,2021.0,Week 01,"All public transport, excluding LUAS",Passenger Journeys,1039290.0,,,,,,,,
2021-04-01,2021.0,Week 01,"Bus, excluding Dublin Metro",Passenger Journeys,184151.0,,,,,,,,
2021-04-10,2021.0,Week 40,"Bus, excluding Dublin Metro",Passenger Journeys,601080.0,,,,,,,,
2021-04-10,2021.0,Week 40,"All public transport, excluding LUAS",Passenger Journeys,3372318.0,,,,,,,,
2021-04-10,2021.0,Week 40,Dublin Metro Bus,Passenger Journeys,2247599.0,,,,,,,,
2021-04-10,2021.0,Week 40,Rail,Passenger Journeys,523639.0,,,,,,,,
2021-04-19,2021.0,Week 16,"All public transport, excluding LUAS",Passenger Journeys,1818478.0,,,,,,,,
2021-04-19,2021.0,Week 16,"Bus, excluding Dublin Metro",Passenger Journeys,326905.0,,,,,,,,
2021-04-19,2021.0,Week 16,Dublin Metro Bus,Passenger Journeys,1227564.0,,,,,,,,
2021-04-19,2021.0,Week 16,Rail,Passenger Journeys,264009.0,,,,,,,,
2021-04-26,2021.0,Week 17,Dublin Metro Bus,Passenger Journeys,1218011.0,,,,,,,,
2021-04-26,2021.0,Week 17,"All public transport, excluding LUAS",Passenger Journeys,1765624.0,,,,,,,,
2021-04-26,2021.0,Week 17,"Bus, excluding Dublin Metro",Passenger Journeys,322352.0,,,,,,,,
2021-04-26,2021.0,Week 17,Rail,Passenger Journeys,225261.0,,,,,,,,
2021-05-04,2021.0,Week 14,Dublin Metro Bus,Passenger Journeys,911592.0,,,,,,,,
2021-05-04,2021.0,Week 14,"All public transport, excluding LUAS",Passenger Journeys,1294761.0,,,,,,,,
2021-05-04,2021.0,Week 14,"Bus, excluding Dublin Metro",Passenger Journeys,239121.0,,,,,,,,
2021-05-04,2021.0,Week 14,Rail,Passenger Journeys,144048.0,,,,,,,,
2021-05-07,2021.0,Week 27,"Bus, excluding Dublin Metro",Passenger Journeys,441652.0,,,,,,,,
2021-05-07,2021.0,Week 27,Rail,Passenger Journeys,359807.0,,,,,,,,
2021-05-07,2021.0,Week 27,Dublin Metro Bus,Passenger Journeys,1558866.0,,,,,,,,
2021-05-07,2021.0,Week 27,"All public transport, excluding LUAS",Passenger Journeys,2360325.0,,,,,,,,
2021-05-17,2021.0,Week 20,Dublin Metro Bus,Passenger Journeys,1471313.0,,,,,,,,
2021-05-17,2021.0,Week 20,"All public transport, excluding LUAS",Passenger Journeys,2136594.0,,,,,,,,
2021-05-17,2021.0,Week 20,Rail,Passenger Journeys,274137.0,,,,,,,,
2021-05-17,2021.0,Week 20,"Bus, excluding Dublin Metro",Passenger Journeys,391144.0,,,,,,,,
2021-05-24,2021.0,Week 21,Dublin Metro Bus,Passenger Journeys,1562407.0,,,,,,,,
2021-05-24,2021.0,Week 21,Rail,Passenger Journeys,366784.0,,,,,,,,
2021-05-24,2021.0,Week 21,"All public transport, excluding LUAS",Passenger Journeys,2347824.0,,,,,,,,
2021-05-24,2021.0,Week 21,"Bus, excluding Dublin Metro",Passenger Journeys,418633.0,,,,,,,,
2021-05-31,2021.0,Week 22,"All public transport, excluding LUAS",Passenger Journeys,2359340.0,,,,,,,,
2021-05-31,2021.0,Week 22,"Bus, excluding Dublin Metro",Passenger Journeys,418168.0,,,,,,,,
2021-05-31,2021.0,Week 22,Rail,Passenger Journeys,393257.0,,,,,,,,
2021-05-31,2021.0,Week 22,Dublin Metro Bus,Passenger Journeys,1547915.0,,,,,,,,
2021-06-09,2021.0,Week 36,Dublin Metro Bus,Passenger Journeys,1919743.0,,,,,,,,
2021-06-09,2021.0,Week 36,"Bus, excluding Dublin Metro",Passenger Journeys,527134.0,,,,,,,,
2021-06-09,2021.0,Week 36,Rail,Passenger Journeys,454290.0,,,,,,,,
2021-06-09,2021.0,Week 36,"All public transport, excluding LUAS",Passenger Journeys,2901167.0,,,,,,,,
2021-06-12,2021.0,Week 49,"Bus, excluding Dublin Metro",Passenger Journeys,478897.0,,,,,,,,
2021-06-12,2021.0,Week 49,Rail,Passenger Journeys,417041.0,,,,,,,,
2021-06-12,2021.0,Week 49,"All public transport, excluding LUAS",Passenger Journeys,2806513.0,,,,,,,,
2021-06-12,2021.0,Week 49,Dublin Metro Bus,Passenger Journeys,1910575.0,,,,,,,,
2021-06-14,2021.0,Week 24,"All public transport, excluding LUAS",Passenger Journeys,2441224.0,,,,,,,,
2021-06-14,2021.0,Week 24,"Bus, excluding Dublin Metro",Passenger Journeys,446540.0,,,,,,,,
2021-06-14,2021.0,Week 24,Dublin Metro Bus,Passenger Journeys,1623456.0,,,,,,,,
2021-06-14,2021.0,Week 24,Rail,Passenger Journeys,371228.0,,,,,,,,
2021-06-21,2021.0,Week 25,"All public transport, excluding LUAS",Passenger Journeys,2423476.0,,,,,,,,
2021-06-21,2021.0,Week 25,Dublin Metro Bus,Passenger Journeys,1603926.0,,,,,,,,
2021-06-21,2021.0,Week 25,"Bus, excluding Dublin Metro",Passenger Journeys,450941.0,,,,,,,,
2021-06-21,2021.0,Week 25,Rail,Passenger Journeys,368609.0,,,,,,,,
2021-06-28,2021.0,Week 26,"All public transport, excluding LUAS",Passenger Journeys,2432684.0,,,,,,,,
2021-06-28,2021.0,Week 26,"Bus, excluding Dublin Metro",Passenger Journeys,447514.0,,,,,,,,
2021-06-28,2021.0,Week 26,Dublin Metro Bus,Passenger Journeys,1586039.0,,,,,,,,
2021-06-28,2021.0,Week 26,Rail,Passenger Journeys,399131.0,,,,,,,,
2021-07-06,2021.0,Week 23,Rail,Passenger Journeys,377568.0,,,,,,,,
2021-07-06,2021.0,Week 23,"Bus, excluding Dublin Metro",Passenger Journeys,411324.0,,,,,,,,
2021-07-06,2021.0,Week 23,Dublin Metro Bus,Passenger Journeys,1527611.0,,,,,,,,
2021-07-06,2021.0,Week 23,"All public transport, excluding LUAS",Passenger Journeys,2316503.0,,,,,,,,
2021-07-19,2021.0,Week 29,Dublin Metro Bus,Passenger Journeys,1629341.0,,,,,,,,
2021-07-19,2021.0,Week 29,"All public transport, excluding LUAS",Passenger Journeys,2561063.0,,,,,,,,
2021-07-19,2021.0,Week 29,"Bus, excluding Dublin Metro",Passenger Journeys,465320.0,,,,,,,,
2021-07-19,2021.0,Week 29,Rail,Passenger Journeys,466402.0,,,,,,,,
2021-07-26,2021.0,Week 30,Dublin Metro Bus,Passenger Journeys,1595175.0,,,,,,,,
2021-07-26,2021.0,Week 30,"Bus, excluding Dublin Metro",Passenger Journeys,449602.0,,,,,,,,
2021-07-26,2021.0,Week 30,Rail,Passenger Journeys,387647.0,,,,,,,,
2021-07-26,2021.0,Week 30,"All public transport, excluding LUAS",Passenger Journeys,2432424.0,,,,,,,,
2021-08-02,2021.0,Week 06,Rail,Passenger Journeys,96338.0,,,,,,,,
2021-08-02,2021.0,Week 06,"Bus, excluding Dublin Metro",Passenger Journeys,198989.0,,,,,,,,
2021-08-02,2021.0,Week 06,"All public transport, excluding LUAS",Passenger Journeys,1070818.0,,,,,,,,
2021-08-02,2021.0,Week 06,Dublin Metro Bus,Passenger Journeys,775491.0,,,,,,,,
2021-08-03,2021.0,Week 10,Dublin Metro Bus,Passenger Journeys,945236.0,,,,,,,,
2021-08-03,2021.0,Week 10,Rail,Passenger Journeys,134132.0,,,,,,,,
2021-08-03,2021.0,Week 10,"All public transport, excluding LUAS",Passenger Journeys,1318491.0,,,,,,,,
2021-08-03,2021.0,Week 10,"Bus, excluding Dublin Metro",Passenger Journeys,239123.0,,,,,,,,
2021-08-11,2021.0,Week 45,Dublin Metro Bus,Passenger Journeys,2258734.0,,,,,,,,
2021-08-11,2021.0,Week 45,Rail,Passenger Journeys,570080.0,,,,,,,,
2021-08-11,2021.0,Week 45,"Bus, excluding Dublin Metro",Passenger Journeys,592538.0,,,,,,,,
2021-08-11,2021.0,Week 45,"All public transport, excluding LUAS",Passenger Journeys,3421352.0,,,,,,,,
2021-08-16,2021.0,Week 33,Rail,Passenger Journeys,396685.0,,,,,,,,
2021-08-16,2021.0,Week 33,"Bus, excluding Dublin Metro",Passenger Journeys,459631.0,,,,,,,,
2021-08-16,2021.0,Week 33,Dublin Metro Bus,Passenger Journeys,1655260.0,,,,,,,,
2021-08-16,2021.0,Week 33,"All public transport, excluding LUAS",Passenger Journeys,2511576.0,,,,,,,,
2021-08-23,2021.0,Week 34,Dublin Metro Bus,Passenger Journeys,1766188.0,,,,,,,,
2021-08-23,2021.0,Week 34,"All public transport, excluding LUAS",Passenger Journeys,2747138.0,,,,,,,,
2021-08-23,2021.0,Week 34,Rail,Passenger Journeys,475258.0,,,,,,,,
2021-08-23,2021.0,Week 34,"Bus, excluding Dublin Metro",Passenger Journeys,505692.0,,,,,,,,
2021-08-30,2021.0,Week 35,Dublin Metro Bus,Passenger Journeys,1849382.0,,,,,,,,
2021-08-30,2021.0,Week 35,"All public transport, excluding LUAS",Passenger Journeys,2801552.0,,,,,,,,
2021-08-30,2021.0,Week 35,"Bus, excluding Dublin Metro",Passenger Journeys,507106.0,,,,,,,,
2021-08-30,2021.0,Week 35,Rail,Passenger Journeys,445064.0,,,,,,,,
2021-09-08,2021.0,Week 32,Dublin Metro Bus,Passenger Journeys,1636634.0,,,,,,,,
2021-09-08,2021.0,Week 32,"All public transport, excluding LUAS",Passenger Journeys,2496868.0,,,,,,,,
2021-09-08,2021.0,Week 32,Rail,Passenger Journeys,402833.0,,,,,,,,
2021-09-08,2021.0,Week 32,"Bus, excluding Dublin Metro",Passenger Journeys,457401.0,,,,,,,,
2021-09-13,2021.0,Week 37,Rail,Passenger Journeys,430036.0,,,,,,,,
2021-09-13,2021.0,Week 37,"Bus, excluding Dublin Metro",Passenger Journeys,544763.0,,,,,,,,
2021-09-13,2021.0,Week 37,Dublin Metro Bus,Passenger Journeys,1996559.0,,,,,,,,
2021-09-13,2021.0,Week 37,"All public transport, excluding LUAS",Passenger Journeys,2971358.0,,,,,,,,
2021-09-20,2021.0,Week 38,Rail,Passenger Journeys,481469.0,,,,,,,,
2021-09-20,2021.0,Week 38,Dublin Metro Bus,Passenger Journeys,2133682.0,,,,,,,,
2021-09-20,2021.0,Week 38,"Bus, excluding Dublin Metro",Passenger Journeys,578850.0,,,,,,,,
2021-09-20,2021.0,Week 38,"All public transport, excluding LUAS",Passenger Journeys,3194001.0,,,,,,,,
2021-09-27,2021.0,Week 39,Dublin Metro Bus,Passenger Journeys,2200701.0,,,,,,,,
2021-09-27,2021.0,Week 39,"All public transport, excluding LUAS",Passenger Journeys,3321597.0,,,,,,,,
2021-09-27,2021.0,Week 39,"Bus, excluding Dublin Metro",Passenger Journeys,604775.0,,,,,,,,
2021-09-27,2021.0,Week 39,Rail,Passenger Journeys,516121.0,,,,,,,,
2021-10-05,2021.0,Week 19,"Bus, excluding Dublin Metro",Passenger Journeys,358853.0,,,,,,,,
2021-10-05,2021.0,Week 19,Dublin Metro Bus,Passenger Journeys,1355893.0,,,,,,,,
2021-10-05,2021.0,Week 19,Rail,Passenger Journeys,269055.0,,,,,,,,
2021-10-05,2021.0,Week 19,"All public transport, excluding LUAS",Passenger Journeys,1983801.0,,,,,,,,
2021-10-18,2021.0,Week 42,"Bus, excluding Dublin Metro",Passenger Journeys,609960.0,,,,,,,,
2021-10-18,2021.0,Week 42,Dublin Metro Bus,Passenger Journeys,2260213.0,,,,,,,,
2021-10-18,2021.0,Week 42,Rail,Passenger Journeys,462006.0,,,,,,,,
2021-10-18,2021.0,Week 42,"All public transport, excluding LUAS",Passenger Journeys,3332179.0,,,,,,,,
2021-10-25,2021.0,Week 43,"Bus, excluding Dublin Metro",Passenger Journeys,501525.0,,,,,,,,
2021-10-25,2021.0,Week 43,"All public transport, excluding LUAS",Passenger Journeys,2757221.0,,,,,,,,
2021-10-25,2021.0,Week 43,Dublin Metro Bus,Passenger Journeys,1815542.0,,,,,,,,
2021-10-25,2021.0,Week 43,Rail,Passenger Journeys,440154.0,,,,,,,,
2021-11-01,2021.0,Week 02,Dublin Metro Bus,Passenger Journeys,735000.0,,,,,,,,
2021-11-01,2021.0,Week 02,"All public transport, excluding LUAS",Passenger Journeys,1009862.0,,,,,,,,
2021-11-01,2021.0,Week 02,Rail,Passenger Journeys,90529.0,,,,,,,,
2021-11-01,2021.0,Week 02,"Bus, excluding Dublin Metro",Passenger Journeys,184333.0,,,,,,,,
2021-11-10,2021.0,Week 41,"All public transport, excluding LUAS",Passenger Journeys,3386179.0,,,,,,,,
2021-11-10,2021.0,Week 41,Dublin Metro Bus,Passenger Journeys,2247417.0,,,,,,,,
2021-11-10,2021.0,Week 41,"Bus, excluding Dublin Metro",Passenger Journeys,613892.0,,,,,,,,
2021-11-10,2021.0,Week 41,Rail,Passenger Journeys,524870.0,,,,,,,,
2021-11-15,2021.0,Week 46,"All public transport, excluding LUAS",Passenger Journeys,3326874.0,,,,,,,,
2021-11-15,2021.0,Week 46,Dublin Metro Bus,Passenger Journeys,2218390.0,,,,,,,,
2021-11-15,2021.0,Week 46,"Bus, excluding Dublin Metro",Passenger Journeys,598813.0,,,,,,,,
2021-11-15,2021.0,Week 46,Rail,Passenger Journeys,509671.0,,,,,,,,
2021-11-22,2021.0,Week 47,"All public transport, excluding LUAS",Passenger Journeys,3198288.0,,,,,,,,
2021-11-22,2021.0,Week 47,"Bus, excluding Dublin Metro",Passenger Journeys,573025.0,,,,,,,,
2021-11-22,2021.0,Week 47,Dublin Metro Bus,Passenger Journeys,2159300.0,,,,,,,,
2021-11-22,2021.0,Week 47,Rail,Passenger Journeys,465963.0,,,,,,,,
2021-11-29,2021.0,Week 48,Dublin Metro Bus,Passenger Journeys,2126792.0,,,,,,,,
2021-11-29,2021.0,Week 48,"Bus, excluding Dublin Metro",Passenger Journeys,545762.0,,,,,,,,
2021-11-29,2021.0,Week 48,"All public transport, excluding LUAS",Passenger Journeys,3138144.0,,,,,,,,
2021-11-29,2021.0,Week 48,Rail,Passenger Journeys,465590.0,,,,,,,,
2021-12-04,2021.0,Week 15,Dublin Metro Bus,Passenger Journeys,1173468.0,,,,,,,,
2021-12-04,2021.0,Week 15,Rail,Passenger Journeys,225466.0,,,,,,,,
2021-12-04,2021.0,Week 15,"Bus, excluding Dublin Metro",Passenger Journeys,310154.0,,,,,,,,
2021-12-04,2021.0,Week 15,"All public transport, excluding LUAS",Passenger Journeys,1709088.0,,,,,,,,
2021-12-07,2021.0,Week 28,Rail,Passenger Journeys,455660.0,,,,,,,,
2021-12-07,2021.0,Week 28,Dublin Metro Bus,Passenger Journeys,1623323.0,,,,,,,,
2021-12-07,2021.0,Week 28,"Bus, excluding Dublin Metro",Passenger Journeys,466323.0,,,,,,,,
2021-12-07,2021.0,Week 28,"All public transport, excluding LUAS",Passenger Journeys,2545306.0,,,,,,,,
2021-12-13,2021.0,Week 50,"Bus, excluding Dublin Metro",Passenger Journeys,586228.0,,,,,,,,
2021-12-13,2021.0,Week 50,Dublin Metro Bus,Passenger Journeys,2173422.0,,,,,,,,
2021-12-13,2021.0,Week 50,Rail,Passenger Journeys,477149.0,,,,,,,,
2021-12-13,2021.0,Week 50,"All public transport, excluding LUAS",Passenger Journeys,3236799.0,,,,,,,,
2021-12-20,2021.0,Week 51,Dublin Metro Bus,Passenger Journeys,1496396.0,,,,,,,,
2021-12-20,2021.0,Week 51,"All public transport, excluding LUAS",Passenger Journeys,2171645.0,,,,,,,,
2021-12-20,2021.0,Week 51,Rail,Passenger Journeys,278965.0,,,,,,,,
2021-12-20,2021.0,Week 51,"Bus, excluding Dublin Metro",Passenger Journeys,396284.0,,,,,,,,
2021-12-27,2021.0,Week 52,"All public transport, excluding LUAS",Passenger Journeys,1632579.0,,,,,,,,
2021-12-27,2021.0,Week 52,Dublin Metro Bus,Passenger Journeys,1099282.0,,,,,,,,
2021-12-27,2021.0,Week 52,Rail,Passenger Journeys,243709.0,,,,,,,,
2021-12-27,2021.0,Week 52,"Bus, excluding Dublin Metro",Passenger Journeys,289588.0,,,,,,,,
2022-03-01,2021.0,Week 53,"Bus, excluding Dublin Metro",Passenger Journeys,198408.0,,,,,,,,
2022-03-01,2021.0,Week 53,Dublin Metro Bus,Passenger Journeys,641716.0,,,,,,,,
2022-03-01,2021.0,Week 53,Rail,Passenger Journeys,641500.0,,,,,,,,
2022-03-01,2021.0,Week 53,"All public transport, excluding LUAS",Passenger Journeys,1519411.0,,,,,,,,
,2021.0,,Frequency of use of bus services - Weekly or more than weekly,,,Male,18 - 24 years,28.59375,,,,,
,2021.0,,Frequency of use of bus services - Weekly or more than weekly,,,Male,25 - 34 years,19.0,,,,,
,2021.0,,Frequency of use of bus services - Weekly or more than weekly,,,Male,35 - 44 years,10.0,,,,,
,2021.0,,Frequency of use of bus services - Weekly or more than weekly,,,Male,45 - 54 years,9.0,,,,,
,2021.0,,Frequency of use of bus services - Weekly or more than weekly,,,Male,55 - 64 years,7.0,,,,,
,2021.0,,Frequency of use of bus services - Weekly or more than weekly,,,Male,65 - 74 years,13.0,,,,,
,2021.0,,Frequency of use of bus services - Weekly or more than weekly,,,Male,75 years and over,7.0,,,,,
,2021.0,,Frequency of use of bus services - Weekly or more than weekly,,,Female,18 - 24 years,28.59375,,,,,
,2021.0,,Frequency of use of bus services - Weekly or more than weekly,,,Female,25 - 34 years,16.0,,,,,
,2021.0,,Frequency of use of bus services - Weekly or more than weekly,,,Female,35 - 44 years,11.0,,,,,
,2021.0,,Frequency of use of bus services - Weekly or more than weekly,,,Female,45 - 54 years,9.0,,,,,
,2021.0,,Frequency of use of bus services - Weekly or more than weekly,,,Female,55 - 64 years,9.0,,,,,
,2021.0,,Frequency of use of bus services - Weekly or more than weekly,,,Female,65 - 74 years,15.0,,,,,
,2021.0,,Frequency of use of bus services - Weekly or more than weekly,,,Female,75 years and over,13.0,,,,,
,2021.0,,Frequency of use of bus services - Less than weekly,,,Male,18 - 24 years,28.59375,,,,,
,2021.0,,Frequency of use of bus services - Less than weekly,,,Male,25 - 34 years,22.0,,,,,
,2021.0,,Frequency of use of bus services - Less than weekly,,,Male,35 - 44 years,27.0,,,,,
,2021.0,,Frequency of use of bus services - Less than weekly,,,Male,45 - 54 years,22.0,,,,,
,2021.0,,Frequency of use of bus services - Less than weekly,,,Male,55 - 64 years,26.0,,,,,
,2021.0,,Frequency of use of bus services - Less than weekly,,,Male,65 - 74 years,32.0,,,,,
,2021.0,,Frequency of use of bus services - Less than weekly,,,Male,75 years and over,27.0,,,,,
,2021.0,,Frequency of use of bus services - Less than weekly,,,Female,18 - 24 years,28.59375,,,,,
,2021.0,,Frequency of use of bus services - Less than weekly,,,Female,25 - 34 years,21.0,,,,,
,2021.0,,Frequency of use of bus services - Less than weekly,,,Female,35 - 44 years,30.0,,,,,
,2021.0,,Frequency of use of bus services - Less than weekly,,,Female,45 - 54 years,30.0,,,,,
,2021.0,,Frequency of use of bus services - Less than weekly,,,Female,55 - 64 years,26.0,,,,,
,2021.0,,Frequency of use of bus services - Less than weekly,,,Female,65 - 74 years,31.0,,,,,
,2021.0,,Frequency of use of bus services - Less than weekly,,,Female,75 years and over,21.0,,,,,
,2021.0,,Frequency of use of bus services - Never,,,Male,18 - 24 years,28.59375,,,,,
,2021.0,,Frequency of use of bus services - Never,,,Male,25 - 34 years,59.0,,,,,
,2021.0,,Frequency of use of bus services - Never,,,Male,35 - 44 years,63.0,,,,,
,2021.0,,Frequency of use of bus services - Never,,,Male,45 - 54 years,70.0,,,,,
,2021.0,,Frequency of use of bus services - Never,,,Male,55 - 64 years,67.0,,,,,
,2021.0,,Frequency of use of bus services - Never,,,Male,65 - 74 years,56.0,,,,,
,2021.0,,Frequency of use of bus services - Never,,,Male,75 years and over,66.0,,,,,
,2021.0,,Frequency of use of bus services - Never,,,Female,18 - 24 years,28.59375,,,,,
,2021.0,,Frequency of use of bus services - Never,,,Female,25 - 34 years,63.0,,,,,
,2021.0,,Frequency of use of bus services - Never,,,Female,35 - 44 years,60.0,,,,,
,2021.0,,Frequency of use of bus services - Never,,,Female,45 - 54 years,61.0,,,,,
,2021.0,,Frequency of use of bus services - Never,,,Female,55 - 64 years,64.0,,,,,
,2021.0,,Frequency of use of bus services - Never,,,Female,65 - 74 years,54.0,,,,,
,2021.0,,Frequency of use of bus services - Never,,,Female,75 years and over,67.0,,,,,
,2021.0,,Frequency of use of bus services - of which had COVID concerns,,,Male,18 - 24 years,28.59375,,,,,
,2021.0,,Frequency of use of bus services - of which had COVID concerns,,,Male,25 - 34 years,11.0,,,,,
,2021.0,,Frequency of use of bus services - of which had COVID concerns,,,Male,35 - 44 years,11.0,,,,,
,2021.0,,Frequency of use of bus services - of which had COVID concerns,,,Male,45 - 54 years,9.0,,,,,
,2021.0,,Frequency of use of bus services - of which had COVID concerns,,,Male,55 - 64 years,9.0,,,,,
,2021.0,,Frequency of use of bus services - of which had COVID concerns,,,Male,65 - 74 years,19.0,,,,,
,2021.0,,Frequency of use of bus services - of which had COVID concerns,,,Male,75 years and over,14.0,,,,,
,2021.0,,Frequency of use of bus services - of which had COVID concerns,,,Female,18 - 24 years,28.59375,,,,,
,2021.0,,Frequency of use of bus services - of which had COVID concerns,,,Female,25 - 34 years,15.0,,,,,
,2021.0,,Frequency of use of bus services - of which had COVID concerns,,,Female,35 - 44 years,14.0,,,,,
,2021.0,,Frequency of use of bus services - of which had COVID concerns,,,Female,45 - 54 years,15.0,,,,,
,2021.0,,Frequency of use of bus services - of which had COVID concerns,,,Female,55 - 64 years,20.0,,,,,
,2021.0,,Frequency of use of bus services - of which had COVID concerns,,,Female,65 - 74 years,31.0,,,,,
,2021.0,,Frequency of use of bus services - of which had COVID concerns,,,Female,75 years and over,21.0,,,,,
,2021.0,,Frequency of use of rail services - Weekly or more than weekly,,,Male,18 - 24 years,28.59375,,,,,
,2021.0,,Frequency of use of rail services - Weekly or more than weekly,,,Male,25 - 34 years,8.0,,,,,
,2021.0,,Frequency of use of rail services - Weekly or more than weekly,,,Male,35 - 44 years,7.0,,,,,
,2021.0,,Frequency of use of rail services - Weekly or more than weekly,,,Male,45 - 54 years,5.0,,,,,
,2021.0,,Frequency of use of rail services - Weekly or more than weekly,,,Male,55 - 64 years,2.0,,,,,
,2021.0,,Frequency of use of rail services - Weekly or more than weekly,,,Male,65 - 74 years,2.0,,,,,
,2021.0,,Frequency of use of rail services - Weekly or more than weekly,,,Male,75 years and over,3.0,,,,,
,2021.0,,Frequency of use of rail services - Weekly or more than weekly,,,Female,18 - 24 years,28.59375,,,,,
,2021.0,,Frequency of use of rail services - Weekly or more than weekly,,,Female,25 - 34 years,13.0,,,,,
,2021.0,,Frequency of use of rail services - Weekly or more than weekly,,,Female,35 - 44 years,4.0,,,,,
,2021.0,,Frequency of use of rail services - Weekly or more than weekly,,,Female,45 - 54 years,4.0,,,,,
,2021.0,,Frequency of use of rail services - Weekly or more than weekly,,,Female,55 - 64 years,4.0,,,,,
,2021.0,,Frequency of use of rail services - Weekly or more than weekly,,,Female,65 - 74 years,3.0,,,,,
,2021.0,,Frequency of use of rail services - Weekly or more than weekly,,,Female,75 years and over,2.0,,,,,
,2021.0,,Frequency of use of rail services - Less than weekly,,,Male,18 - 24 years,28.59375,,,,,
,2021.0,,Frequency of use of rail services - Less than weekly,,,Male,25 - 34 years,31.0,,,,,
,2021.0,,Frequency of use of rail services - Less than weekly,,,Male,35 - 44 years,34.0,,,,,
,2021.0,,Frequency of use of rail services - Less than weekly,,,Male,45 - 54 years,31.0,,,,,
,2021.0,,Frequency of use of rail services - Less than weekly,,,Male,55 - 64 years,42.0,,,,,
,2021.0,,Frequency of use of rail services - Less than weekly,,,Male,65 - 74 years,30.0,,,,,
,2021.0,,Frequency of use of rail services - Less than weekly,,,Male,75 years and over,27.0,,,,,
,2021.0,,Frequency of use of rail services - Less than weekly,,,Female,18 - 24 years,28.59375,,,,,
,2021.0,,Frequency of use of rail services - Less than weekly,,,Female,25 - 34 years,24.0,,,,,
,2021.0,,Frequency of use of rail services - Less than weekly,,,Female,35 - 44 years,36.0,,,,,
,2021.0,,Frequency of use of rail services - Less than weekly,,,Female,45 - 54 years,36.0,,,,,
,2021.0,,Frequency of use of rail services - Less than weekly,,,Female,55 - 64 years,41.0,,,,,
,2021.0,,Frequency of use of rail services - Less than weekly,,,Female,65 - 74 years,43.0,,,,,
,2021.0,,Frequency of use of rail services - Less than weekly,,,Female,75 years and over,25.0,,,,,
,2021.0,,Frequency of use of rail services - Never,,,Male,18 - 24 years,28.59375,,,,,
,2021.0,,Frequency of use of rail services - Never,,,Male,25 - 34 years,61.0,,,,,
,2021.0,,Frequency of use of rail services - Never,,,Male,35 - 44 years,59.0,,,,,
,2021.0,,Frequency of use of rail services - Never,,,Male,45 - 54 years,64.0,,,,,
,2021.0,,Frequency of use of rail services - Never,,,Male,55 - 64 years,56.0,,,,,
,2021.0,,Frequency of use of rail services - Never,,,Male,65 - 74 years,67.0,,,,,
,2021.0,,Frequency of use of rail services - Never,,,Male,75 years and over,70.0,,,,,
,2021.0,,Frequency of use of rail services - Never,,,Female,18 - 24 years,28.59375,,,,,
,2021.0,,Frequency of use of rail services - Never,,,Female,25 - 34 years,63.0,,,,,
,2021.0,,Frequency of use of rail services - Never,,,Female,35 - 44 years,61.0,,,,,
,2021.0,,Frequency of use of rail services - Never,,,Female,45 - 54 years,60.0,,,,,
,2021.0,,Frequency of use of rail services - Never,,,Female,55 - 64 years,62.0,,,,,
,2021.0,,Frequency of use of rail services - Never,,,Female,65 - 74 years,54.0,,,,,
,2021.0,,Frequency of use of rail services - Never,,,Female,75 years and over,73.0,,,,,
,2021.0,,Frequency of use of rail services - of which had COVID concerns,,,Male,18 - 24 years,28.59375,,,,,
,2021.0,,Frequency of use of rail services - of which had COVID concerns,,,Male,25 - 34 years,12.0,,,,,
,2021.0,,Frequency of use of rail services - of which had COVID concerns,,,Male,35 - 44 years,8.0,,,,,
,2021.0,,Frequency of use of rail services - of which had COVID concerns,,,Male,45 - 54 years,6.0,,,,,
,2021.0,,Frequency of use of rail services - of which had COVID concerns,,,Male,55 - 64 years,7.0,,,,,
,2021.0,,Frequency of use of rail services - of which had COVID concerns,,,Male,65 - 74 years,15.0,,,,,
,2021.0,,Frequency of use of rail services - of which had COVID concerns,,,Male,75 years and over,13.0,,,,,
,2021.0,,Frequency of use of rail services - of which had COVID concerns,,,Female,18 - 24 years,28.59375,,,,,
,2021.0,,Frequency of use of rail services - of which had COVID concerns,,,Female,25 - 34 years,3.0,,,,,
,2021.0,,Frequency of use of rail services - of which had COVID concerns,,,Female,35 - 44 years,10.0,,,,,
,2021.0,,Frequency of use of rail services - of which had COVID concerns,,,Female,45 - 54 years,8.0,,,,,
,2021.0,,Frequency of use of rail services - of which had COVID concerns,,,Female,55 - 64 years,17.0,,,,,
,2021.0,,Frequency of use of rail services - of which had COVID concerns,,,Female,65 - 74 years,29.0,,,,,
,2021.0,,Frequency of use of rail services - of which had COVID concerns,,,Female,75 years and over,18.0,,,,,
,,,,,,,,,2021-01-01,0.0,0.4,6.1,6.336652935494835
,,,,,,,,,2021-01-02,4.0,0.0,4.5,8.53012656359165
,,,,,,,,,2021-01-03,0.0,4.4,7,1.746178244894988
,,,,,,,,,2021-01-04,0.0,1.0,6.6,2.507975760511203
,,,,,,,,,2021-01-05,0.0,4.9,5.6,0.9029373827136711
,,,,,,,,,2021-01-06,0.0,1.9,4,9.510094759473883
,,,,,,,,,2021-01-07,0.0,0.7,2.4,8.925956710477424
,,,,,,,,,2021-01-08,0.0,0.0,3,1.8058926383171814
,,,,,,,,,2021-01-09,0.0,0.0,4.2,2.244961273240543
,,,,,,,,,2021-01-10,0.0,0.0,7.7,2.8488814868275982
,,,,,,,,,2021-01-11,0.0,11.4,10,9.415488961834033
,,,,,,,,,2021-01-12,0.0,11.4,10.5,9.571782461627556
,,,,,,,,,2021-01-13,0.0,0.6,12.1,9.40329930933509
,,,,,,,,,2021-01-14,0.0,0.0,9.6,8.81576937922113
,,,,,,,,,2021-01-15,0.0,2.9,11.6,6.49035757585791
,,,,,,,,,2021-01-16,0.0,0.5,9.5,1.4497914136131929
,,,,,,,,,2021-01-17,0.0,0.1,7,7.815830105085038
,,,,,,,,,2021-01-18,0.0,18.5,11.1,5.576806820097744
,,,,,,,,,2021-01-19,0.0,6.4,12,4.629891791943463
,,,,,,,,,2021-01-20,0.0,5.6,5,8.00086229232863
,,,,,,,,,2021-01-21,0.0,0.0,6.4,7.810160777128459
,,,,,,,,,2021-01-22,0.0,0.1,6.4,3.4855079031763267
,,,,,,,,,2021-01-23,0.0,0.3,4.9,4.702877007453726
,,,,,,,,,2021-01-24,4.0,0.0,2.4,3.1683919700976846
,,,,,,,,,2021-01-25,0.0,0.9,6,4.342570016864991
,,,,,,,,,2021-01-26,0.0,0.1,10.7,5.768451604412196
,,,,,,,,,2021-01-27,0.0,10.8,11.9,0.4146787359433768
,,,,,,,,,2021-01-28,0.0,0.9,12.8,5.960674268319348
,,,,,,,,,2021-01-29,0.0,14.4,12.8,4.0842129556578115
,,,,,,,,,2021-01-30,0.0,5.7,5.3,4.969608172377011
,,,,,,,,,2021-01-31,0.0,4.1,4.4,0.6453252303163903
,,,,,,,,,2021-02-01,0.0,18.1,7.3,7.537333977544655
,,,,,,,,,2021-02-02,0.0,2.7,11.2,9.341953962252063
,,,,,,,,,2021-02-03,0.0,2.0,10.2,1.7903652884605437
,,,,,,,,,2021-02-04,0.0,0.2,11,5.151635287827981
,,,,,,,,,2021-02-05,0.0,1.5,6.9,8.893096984086009
,,,,,,,,,2021-02-06,0.0,2.4,7.4,3.677012517833557
,,,,,,,,,2021-02-07,4.0,0.0,5,5.432207732417139
,,,,,,,,,2021-02-08,0.0,1.4,5.3,6.344299237857519
,,,,,,,,,2021-02-09,0.0,1.3,3.2,7.4600889754072295
,,,,,,,,,2021-02-10,4.0,0.0,4.2,8.32779719928425
,,,,,,,,,2021-02-11,0.0,0.0,4.2,3.630755878995695
,,,,,,,,,2021-02-12,0.0,1.0,5.4,9.182171626349005
,,,,,,,,,2021-02-13,0.0,1.6,9,7.027527189311864
,,,,,,,,,2021-02-14,0.0,2.6,13.6,6.7973699733062904
,,,,,,,,,2021-02-15,0.0,0.4,14,4.85711555930989
,,,,,,,,,2021-02-16,0.0,0.3,12.2,5.881902668289088
,,,,,,,,,2021-02-17,0.0,5.0,12.1,4.843903897072006
,,,,,,,,,2021-02-18,0.0,1.1,11.4,3.2214954774733218
,,,,,,,,,2021-02-19,0.0,2.4,13.5,7.443291870304513
,,,,,,,,,2021-02-20,0.0,1.3,13.6,4.804460281104189
,,,,,,,,,2021-02-21,4.0,0.0,13,6.645130194991031
,,,,,,,,,2021-02-22,0.0,1.6,14.2,0.9657691192445206
,,,,,,,,,2021-02-23,0.0,9.6,15.9,3.1540935167584925
,,,,,,,,,2021-02-24,0.0,0.3,11.7,0.5650183731367386
,,,,,,,,,2021-02-25,0.0,0.0,11.5,8.420488144034733
,,,,,,,,,2021-02-26,0.0,0.0,13,0.7893741830880097
,,,,,,,,,2021-02-27,0.0,0.0,12.6,4.349652804652022
,,,,,,,,,2021-02-28,0.0,0.0,11.4,7.871433232494405
,,,,,,,,,2021-03-01,0.0,0.0,10.5,8.123928396408397
,,,,,,,,,2021-03-02,0.0,0.0,8.3,1.4103177714077264
,,,,,,,,,2021-03-03,0.0,0.0,6.3,5.837959362609297
,,,,,,,,,2021-03-04,0.0,0.0,6.6,3.8433811995403353
,,,,,,,,,2021-03-05,0.0,0.0,7.3,2.6176312794418344
,,,,,,,,,2021-03-06,0.0,0.0,8.5,9.763344357688089
,,,,,,,,,2021-03-07,0.0,0.1,10.6,0.6205455349282929
,,,,,,,,,2021-03-08,4.0,0.0,12.4,2.2206035652337555
,,,,,,,,,2021-03-09,0.0,2.3,11.4,7.74785913257133
,,,,,,,,,2021-03-10,0.0,6.2,13.8,3.3366972932253147
,,,,,,,,,2021-03-11,0.0,6.4,9.5,0.46908364586629725
,,,,,,,,,2021-03-12,0.0,1.6,9.3,4.209174148246387
,,,,,,,,,2021-03-13,0.0,4.7,9.5,9.596662945077162
,,,,,,,,,2021-03-14,0.0,2.7,11.4,9.01642132607979
,,,,,,,,,2021-03-15,0.0,0.6,14.3,6.067241100786921
,,,,,,,,,2021-03-16,0.0,0.0,15.5,3.9764472349061295
,,,,,,,,,2021-03-17,0.0,0.0,14.8,6.931378859946371
,,,,,,,,,2021-03-18,0.0,0.0,15.6,9.386238070188428
,,,,,,,,,2021-03-19,0.0,0.0,13.6,5.554116888573294
,,,,,,,,,2021-03-20,0.0,0.0,13.8,6.567993879421239
,,,,,,,,,2021-03-21,0.0,0.0,13.6,3.225626779865447
,,,,,,,,,2021-03-22,0.0,0.0,10.6,4.387112324857073
,,,,,,,,,2021-03-23,0.0,0.0,13.1,6.2762836399557065
,,,,,,,,,2021-03-24,0.0,0.0,13.6,0.15729594848847173
,,,,,,,,,2021-03-25,0.0,1.8,13.3,7.671000789388033
,,,,,,,,,2021-03-26,0.0,0.3,9,8.90794425166061
,,,,,,,,,2021-03-27,0.0,0.5,13.6,5.939657332555187
,,,,,,,,,2021-03-28,0.0,0.7,16.5,8.072563025834734
,,,,,,,,,2021-03-29,0.0,0.0,17.9,0.30194462425584767
,,,,,,,,,2021-03-30,0.0,0.0,15.7,5.770885773848332
,,,,,,,,,2021-03-31,0.0,0.0,16,9.371311068557024
,,,,,,,,,2021-04-01,0.0,0.0,9.9,8.021023281260037
,,,,,,,,,2021-04-02,0.0,0.0,10.8,2.3781291569196705
,,,,,,,,,2021-04-03,0.0,0.0,12.9,7.608585368193887
,,,,,,,,,2021-04-04,0.0,0.1,14.7,3.802538032667413
,,,,,,,,,2021-04-05,0.0,0.0,7.8,2.8082867135796707
,,,,,,,,,2021-04-06,0.0,0.1,8.7,5.815699020521782
,,,,,,,,,2021-04-07,0.0,0.6,8.9,3.6843030058177373
,,,,,,,,,2021-04-08,0.0,1.0,11.8,1.563695778914217
,,,,,,,,,2021-04-09,0.0,0.9,9.2,2.282008563767093
,,,,,,,,,2021-04-10,0.0,0.0,9.1,9.686937767588603
,,,,,,,,,2021-04-11,0.0,2.3,9.5,5.813905007550923
,,,,,,,,,2021-04-12,0.0,2.2,11.7,0.6921832107928028
,,,,,,,,,2021-04-13,4.0,0.0,12.2,7.969410751573297
,,,,,,,,,2021-04-14,0.0,0.0,12.6,9.19488812550792
,,,,,,,,,2021-04-15,0.0,0.0,13.5,2.681578692633501
,,,,,,,,,2021-04-16,0.0,0.0,12.9,3.107460745552647
,,,,,,,,,2021-04-17,0.0,0.6,14.1,6.601059607087198
,,,,,,,,,2021-04-18,0.0,0.0,14,7.6420972359809936
,,,,,,,,,2021-04-19,0.0,1.4,14.3,8.709120835699299
,,,,,,,,,2021-04-20,0.0,0.0,13.4,8.411307853961496
,,,,,,,,,2021-04-21,0.0,0.0,14.2,9.548062581117595
,,,,,,,,,2021-04-22,0.0,0.0,14.4,8.679704239683353
,,,,,,,,,2021-04-23,0.0,0.0,16.3,8.97331124076768
,,,,,,,,,2021-04-24,0.0,0.0,16.1,9.41984461685124
,,,,,,,,,2021-04-25,0.0,0.0,14.8,6.644608873681614
,,,,,,,,,2021-04-26,4.0,0.0,16.4,6.706562113706323
,,,,,,,,,2021-04-27,0.0,0.6,12.6,2.766453275985116
,,,,,,,,,2021-04-28,0.0,0.0,10.7,9.391994175398766
,,,,,,,,,2021-04-29,0.0,0.0,11.6,0.37213458898520124
,,,,,,,,,2021-04-30,0.0,0.0,13.4,6.924256603326864
,,,,,,,,,2021-05-01,0.0,0.0,13.5,4.735953367860173
,,,,,,,,,2021-05-02,0.0,7.6,14.5,2.141139037121238
,,,,,,,,,2021-05-03,0.0,6.9,13.5,4.8853034410622875
,,,,,,,,,2021-05-04,0.0,0.9,11.5,4.751134188112609
,,,,,,,,,2021-05-05,0.0,4.6,11.7,4.382949314289347
,,,,,,,,,2021-05-06,0.0,0.0,12.8,2.3262153062725135
,,,,,,,,,2021-05-07,0.0,18.7,12.7,4.720872330391862
,,,,,,,,,2021-05-08,0.0,0.8,19.5,3.7238843295595214
,,,,,,,,,2021-05-09,4.0,0.0,15.3,1.3548723974042365
,,,,,,,,,2021-05-10,0.0,2.2,16.7,8.418802910923054
,,,,,,,,,2021-05-11,4.0,0.0,16.2,1.3908890866558288
,,,,,,,,,2021-05-12,0.0,1.0,16.1,6.605927199596233
,,,,,,,,,2021-05-13,4.0,0.0,15.5,3.9335600758044498
,,,,,,,,,2021-05-14,0.0,1.7,14.6,3.15504909341753
,,,,,,,,,2021-05-15,0.0,4.3,14.4,5.762381595944896
,,,,,,,,,2021-05-16,4.0,0.0,17.1,2.0122793711860174
,,,,,,,,,2021-05-17,0.0,2.2,16.4,7.644536171140083
,,,,,,,,,2021-05-18,0.0,6.9,15.5,3.580368720845235
,,,,,,,,,2021-05-19,0.0,5.2,17.5,0.6148102144898537
,,,,,,,,,2021-05-20,0.0,12.8,15.3,4.970055693131367
,,,,,,,,,2021-05-21,0.0,1.9,12.1,1.836271511923464
,,,,,,,,,2021-05-22,0.0,0.0,14.1,9.961581509978611
,,,,,,,,,2021-05-23,0.0,3.1,14.4,8.106370392386914
,,,,,,,,,2021-05-24,0.0,1.0,16,6.42303272150173
,,,,,,,,,2021-05-25,0.0,2.4,16.1,2.9657934489571733
,,,,,,,,,2021-05-26,0.0,0.0,17.1,1.8207920996270321
,,,,,,,,,2021-05-27,0.0,10.4,17.9,0.02681446793123654
,,,,,,,,,2021-05-28,0.0,0.2,15.7,4.408246574976497
,,,,,,,,,2021-05-29,4.0,0.0,19.3,3.6701220178368823
,,,,,,,,,2021-05-30,0.0,0.0,20.5,0.05819699397138001
,,,,,,,,,2021-05-31,0.0,0.0,21.8,7.325600777501689
,,,,,,,,,2021-06-01,0.0,0.0,21.7,4.178585523410769
,,,,,,,,,2021-06-02,0.0,0.0,20.9,1.3527467436315233
,,,,,,,,,2021-06-03,0.0,0.0,21,9.52989317505128
,,,,,,,,,2021-06-04,0.0,0.0,20.2,0.7116270556642645
,,,,,,,,,2021-06-05,0.0,0.0,18.9,7.264135119399363
,,,,,,,,,2021-06-06,0.0,0.0,18.9,5.734750648137915
,,,,,,,,,2021-06-07,0.0,0.0,21.2,9.557402504712268
,,,,,,,,,2021-06-08,0.0,0.3,20.6,1.568865731221435
,,,,,,,,,2021-06-09,4.0,0.0,22.5,3.929875174532813
,,,,,,,,,2021-06-10,0.0,0.0,23.4,3.885510208083156
,,,,,,,,,2021-06-11,0.0,0.0,20,3.685304844932892
,,,,,,,,,2021-06-12,0.0,0.0,21.8,2.3387592890974562
,,,,,,,,,2021-06-13,4.0,0.0,24.4,2.385952256709256
,,,,,,,,,2021-06-14,0.0,0.0,19.2,7.150801663475388
,,,,,,,,,2021-06-15,0.0,0.2,24.4,3.8573104108038168
,,,,,,,,,2021-06-16,4.0,0.0,19.7,7.882487149006754
,,,,,,,,,2021-06-17,0.0,0.0,20.6,1.998761749931952
,,,,,,,,,2021-06-18,0.0,0.0,17.1,2.0044470722686336
,,,,,,,,,2021-06-19,0.0,0.0,17.8,0.7401267067596606
,,,,,,,,,2021-06-20,0.0,0.0,18.8,3.9576580935090035
,,,,,,,,,2021-06-21,0.0,0.0,19.6,7.198404595052665
,,,,,,,,,2021-06-22,0.0,7.3,20,1.6546631220654884
,,,,,,,,,2021-06-23,0.0,0.8,19.4,8.419588464179597
,,,,,,,,,2021-06-24,0.0,3.7,20.3,6.354265397768826
,,,,,,,,,2021-06-25,0.0,0.4,15.1,7.126887117218099
,,,,,,,,,2021-06-26,0.0,0.0,15.7,2.651141940820473
,,,,,,,,,2021-06-27,0.0,0.0,19.6,6.843364844961163
,,,,,,,,,2021-06-28,0.0,0.0,21.4,8.010862888335328
,,,,,,,,,2021-06-29,0.0,0.0,24.6,7.6705478415387685
,,,,,,,,,2021-06-30,0.0,0.0,20.3,4.8423168754106864
,,,,,,,,,2021-07-01,0.0,0.0,19.7,4.193750128178875
,,,,,,,,,2021-07-02,0.0,0.3,20.8,0.3617132682197821
,,,,,,,,,2021-07-03,0.0,0.9,20.2,4.7118161852795915
,,,,,,,,,2021-07-04,0.0,11.7,21.9,7.95642382311878
,,,,,,,,,2021-07-05,0.0,0.0,20.5,5.25726863637569
,,,,,,,,,2021-07-06,0.0,22.0,17.7,1.8220887370900352
,,,,,,,,,2021-07-07,4.0,0.0,21.7,7.21716496976692
,,,,,,,,,2021-07-08,0.0,0.0,20.2,0.6774866577543559
,,,,,,,,,2021-07-09,0.0,0.0,18.8,5.564130221320541
,,,,,,,,,2021-07-10,0.0,0.2,20,3.513870422690608
,,,,,,,,,2021-07-11,0.0,9.5,17.4,5.9292356160708914
,,,,,,,,,2021-07-12,0.0,0.1,21.7,4.860252182913763
,,,,,,,,,2021-07-13,0.0,0.0,20.6,2.7351637919142058
,,,,,,,,,2021-07-14,0.0,0.0,24,6.686403967601197
,,,,,,,,,2021-07-15,0.0,0.0,25.8,3.505180559885374
,,,,,,,,,2021-07-16,0.0,0.0,26.3,9.762382076607064
,,,,,,,,,2021-07-17,0.0,0.0,28,9.592186820011579
,,,,,,,,,2021-07-18,0.0,0.0,25,8.969092292972666
,,,,,,,,,2021-07-19,0.0,0.0,24.2,4.562369394080575
,,,,,,,,,2021-07-20,0.0,0.0,24.6,3.7596972121920382
,,,,,,,,,2021-07-21,0.0,0.0,25.4,5.471357913041012
,,,,,,,,,2021-07-22,0.0,0.0,27.8,0.25754633457324094
,,,,,,,,,2021-07-23,0.0,0.0,25.4,7.335519108502611
,,,,,,,,,2021-07-24,0.0,0.0,20.8,9.63358165730294
,,,,,,,,,2021-07-25,0.0,0.0,24.3,1.193479157805153
,,,,,,,,,2021-07-26,0.0,0.0,21,8.01185768133448
,,,,,,,,,2021-07-27,0.0,2.7,21.7,4.5312986056264615
,,,,,,,,,2021-07-28,0.0,2.2,17.8,6.4681663777901
,,,,,,,,,2021-07-29,0.0,10.2,19.9,9.800443961441543
,,,,,,,,,2021-07-30,0.0,12.4,19.4,5.629135034321551
,,,,,,,,,2021-07-31,0.0,1.0,20,8.938703207238259
,,,,,,,,,2021-08-01,4.0,0.0,20,4.856279710041439
,,,,,,,,,2021-08-02,0.0,0.0,17.9,7.068460696619536
,,,,,,,,,2021-08-03,0.0,0.0,19.5,3.388507611572585
,,,,,,,,,2021-08-04,0.0,0.7,23,3.161773138513232
,,,,,,,,,2021-08-05,0.0,4.8,23,7.61676184538082
,,,,,,,,,2021-08-06,0.0,2.4,19.1,5.233831801571261
,,,,,,,,,2021-08-07,0.0,5.5,18.5,6.519021931904062
,,,,,,,,,2021-08-08,0.0,0.4,20.1,7.596984331447762
,,,,,,,,,2021-08-09,0.0,1.4,19.9,8.980237950265842
,,,,,,,,,2021-08-10,0.0,0.0,20.1,2.469708357164384
,,,,,,,,,2021-08-11,0.0,1.6,20.7,4.742825120158511
,,,,,,,,,2021-08-12,0.0,1.4,21,1.436467983929054
,,,,,,,,,2021-08-13,0.0,0.7,21.6,7.755411957104636
,,,,,,,,,2021-08-14,0.0,1.6,18.3,5.788656501305628
,,,,,,,,,2021-08-15,0.0,0.0,20,7.788735248140894
,,,,,,,,,2021-08-16,0.0,0.0,17.9,4.530641874133696
,,,,,,,,,2021-08-17,0.0,0.5,19.8,2.1680465673110216
,,,,,,,,,2021-08-18,0.0,0.3,18.1,5.383933720173509
,,,,,,,,,2021-08-19,0.0,1.0,20.6,2.5774453588810764
,,,,,,,,,2021-08-20,0.0,4.9,20.6,8.791064734145591
,,,,,,,,,2021-08-21,0.0,9.5,19.6,6.164556972794158
,,,,,,,,,2021-08-22,4.0,0.0,21.5,0.13939863816392006
,,,,,,,,,2021-08-23,0.0,0.0,20.8,1.1243380048387974
,,,,,,,,,2021-08-24,0.0,0.0,21.8,8.304602666878495
,,,,,,,,,2021-08-25,0.0,0.0,23.5,5.780474778681789
,,,,,,,,,2021-08-26,0.0,0.0,23.3,3.4337115198950627
,,,,,,,,,2021-08-27,0.0,0.0,19.5,0.4288768086300132
,,,,,,,,,2021-08-28,0.0,0.0,20.7,2.163619477128713
,,,,,,,,,2021-08-29,0.0,0.0,20,5.662293076508962
,,,,,,,,,2021-08-30,4.0,0.0,17.6,0.4748003230303177
,,,,,,,,,2021-08-31,0.0,0.0,17.8,6.917863540420635
,,,,,,,,,2021-09-01,0.0,0.0,18.5,7.916157757361047
,,,,,,,,,2021-09-02,0.0,0.0,16.9,7.779180461677635
,,,,,,,,,2021-09-03,0.0,0.0,17.6,2.279109801128325
,,,,,,,,,2021-09-04,0.0,0.0,20.1,8.484268389659562
,,,,,,,,,2021-09-05,4.0,0.0,22.8,7.582533169667832
,,,,,,,,,2021-09-06,0.0,0.0,23.9,9.926561891516922
,,,,,,,,,2021-09-07,0.0,0.0,23,1.934789336064744
,,,,,,,,,2021-09-08,0.0,6.9,22.7,2.7924560974355153
,,,,,,,,,2021-09-09,4.0,0.0,22.5,0.5107926539945573
,,,,,,,,,2021-09-10,0.0,0.0,21.3,2.274397358816275
,,,,,,,,,2021-09-11,4.0,0.0,20.2,0.5192886792390794
,,,,,,,,,2021-09-12,0.0,0.0,16.5,8.173213037931912
,,,,,,,,,2021-09-13,0.0,1.9,19.7,3.929697978458896
,,,,,,,,,2021-09-14,0.0,0.0,20.4,3.7508525826060177
,,,,,,,,,2021-09-15,0.0,0.0,20.2,0.8990340279649645
,,,,,,,,,2021-09-16,0.0,1.6,21.3,7.612749507516662
,,,,,,,,,2021-09-17,0.0,2.9,19.1,4.924002100584839
,,,,,,,,,2021-09-18,0.0,0.3,18.1,7.3541217830175345
,,,,,,,,,2021-09-19,0.0,0.3,20.1,6.749568266354445
,,,,,,,,,2021-09-20,0.0,0.0,20.5,7.9259780734784355
,,,,,,,,,2021-09-21,0.0,0.0,19.9,2.2874970326074964
,,,,,,,,,2021-09-22,0.0,0.6,21.9,7.6156708700132025
,,,,,,,,,2021-09-23,0.0,0.0,20.8,8.36902929224226
,,,,,,,,,2021-09-24,0.0,0.0,22.4,9.054922514588501
,,,,,,,,,2021-09-25,0.0,0.0,24.5,7.10989781121466
,,,,,,,,,2021-09-26,0.0,16.2,21.6,3.329750671073813
,,,,,,,,,2021-09-27,0.0,3.5,17.3,7.98286616254741
,,,,,,,,,2021-09-28,0.0,0.0,15.7,4.556920494470437
,,,,,,,,,2021-09-29,0.0,3.8,16.6,1.7929404423044737
,,,,,,,,,2021-09-30,0.0,2.1,16.5,4.409020704908867
,,,,,,,,,2021-10-01,0.0,0.6,15.2,0.4298929570857446
,,,,,,,,,2021-10-02,0.0,1.0,14.9,8.893620903133986
,,,,,,,,,2021-10-03,0.0,1.1,15.9,3.896691278543064
,,,,,,,,,2021-10-04,0.0,5.5,16.3,0.8644098429252733
,,,,,,,,,2021-10-05,4.0,0.0,15.8,7.66256291424642
,,,,,,,,,2021-10-06,0.0,0.7,19.4,8.286257453861097
,,,,,,,,,2021-10-07,0.0,9.9,21.6,4.184549240578183
,,,,,,,,,2021-10-08,0.0,2.9,20.8,8.946891519174926
,,,,,,,,,2021-10-09,0.0,0.1,19.5,3.1188991568315116
,,,,,,,,,2021-10-10,0.0,0.0,16.1,5.03632415735151
,,,,,,,,,2021-10-11,0.0,0.0,16.2,5.348511704414012
,,,,,,,,,2021-10-12,0.0,0.0,16.2,4.60775985942918
,,,,,,,,,2021-10-13,0.0,0.0,13.6,6.057082650272095
,,,,,,,,,2021-10-14,0.0,0.2,15.4,0.5587107641216549
,,,,,,,,,2021-10-15,0.0,0.2,15,5.395210020878918
,,,,,,,,,2021-10-16,0.0,4.1,16.5,2.3748461193940207
,,,,,,,,,2021-10-17,0.0,0.7,18.4,5.507465436476448
,,,,,,,,,2021-10-18,0.0,3.7,20.5,3.237843344424385
,,,,,,,,,2021-10-19,0.0,4.5,19.5,7.9787023533186705
,,,,,,,,,2021-10-20,0.0,1.5,14,5.5884554565137154
,,,,,,,,,2021-10-21,4.0,0.0,14,0.3634023594676339
,,,,,,,,,2021-10-22,0.0,0.0,14.1,6.535136747389327
,,,,,,,,,2021-10-23,0.0,0.3,15.2,0.27170589109385634
,,,,,,,,,2021-10-24,0.0,0.0,17.5,2.976518583151424
,,,,,,,,,2021-10-25,0.0,0.2,15.2,0.036408547326505225
,,,,,,,,,2021-10-26,0.0,1.7,18.4,2.32764705940818
,,,,,,,,,2021-10-27,0.0,15.8,18.7,1.9593247609831066
,,,,,,,,,2021-10-28,0.0,11.9,16.3,6.572870767767233
,,,,,,,,,2021-10-29,0.0,2.0,13.8,7.635034993670776
,,,,,,,,,2021-10-30,0.0,10.7,13.6,1.4678599506583567
,,,,,,,,,2021-10-31,0.0,4.4,13.5,8.4286542551548
,,,,,,,,,2021-11-01,0.0,1.4,11.3,3.251651607411463
,,,,,,,,,2021-11-02,4.0,0.0,10.9,0.10149390647967937
,,,,,,,,,2021-11-03,0.0,0.0,11,7.3118452212085
,,,,,,,,,2021-11-04,0.0,0.0,10.7,1.4569366089945768
,,,,,,,,,2021-11-05,0.0,0.0,12.4,9.144974923350066
,,,,,,,,,2021-11-06,0.0,0.2,14.4,1.6536586940899334
,,,,,,,,,2021-11-07,0.0,2.4,12.5,9.984057926213042
,,,,,,,,,2021-11-08,0.0,0.5,17.4,2.926880941135339
,,,,,,,,,2021-11-09,4.0,0.0,14.4,8.551504247481889
,,,,,,,,,2021-11-10,0.0,0.0,12.6,2.3792213502564508
,,,,,,,,,2021-11-11,4.0,0.0,14.9,7.757586102117839
,,,,,,,,,2021-11-12,4.0,0.0,14.9,0.8215733718914986
,,,,,,,,,2021-11-13,4.0,0.0,12.9,5.419550389518735
,,,,,,,,,2021-11-14,0.0,1.5,15.4,8.456763787112774
,,,,,,,,,2021-11-15,4.0,0.0,13,2.1065298013843003
,,,,,,,,,2021-11-16,4.0,0.0,13.1,4.060913991495601
,,,,,,,,,2021-11-17,4.0,0.0,13.3,4.838844712832505
,,,,,,,,,2021-11-18,0.0,0.0,14.4,6.072863477400883
,,,,,,,,,2021-11-19,0.0,0.0,13.6,4.496878994712814
,,,,,,,,,2021-11-20,0.0,0.2,13.3,3.594105173481623
,,,,,,,,,2021-11-21,4.0,0.0,9.1,8.471804259606813
,,,,,,,,,2021-11-22,4.0,0.0,9.3,7.738969978951683
,,,,,,,,,2021-11-23,4.0,0.0,8,8.7367165393277
,,,,,,,,,2021-11-24,4.0,0.0,8.1,7.859183229340055
,,,,,,,,,2021-11-25,0.0,0.4,9.2,1.3397397209190054
,,,,,,,,,2021-11-26,0.0,0.4,9,4.207405334838202
,,,,,,,,,2021-11-27,0.0,0.0,8.5,1.3509779933115384
,,,,,,,,,2021-11-28,0.0,0.0,5.8,5.443573352045371
,,,,,,,,,2021-11-29,4.0,0.0,11,7.096171408396016
,,,,,,,,,2021-11-30,0.0,3.9,11.6,1.402208109041646
,,,,,,,,,2021-12-01,0.0,0.3,9.4,3.869591411089494
,,,,,,,,,2021-12-02,0.0,9.2,10,5.604264429411804
,,,,,,,,,2021-12-03,0.0,1.1,8.5,2.4733836938830156
,,,,,,,,,2021-12-04,4.0,0.0,5.6,5.2776909947163535
,,,,,,,,,2021-12-05,0.0,2.4,8.1,7.256892751602267
,,,,,,,,,2021-12-06,0.0,12.6,8.8,4.909271453926421
,,,,,,,,,2021-12-07,0.0,14.5,9.5,2.9209798410804897
,,,,,,,,,2021-12-08,0.0,0.7,7,4.343368879423193
,,,,,,,,,2021-12-09,0.0,1.0,11,9.6465420734679
,,,,,,,,,2021-12-10,0.0,0.6,7.9,0.4813745875342845
,,,,,,,,,2021-12-11,0.0,0.7,14,2.430624555810218
,,,,,,,,,2021-12-12,4.0,0.0,15,6.069953818380639
,,,,,,,,,2021-12-13,4.0,0.0,8.8,0.4140819188494804
,,,,,,,,,2021-12-14,4.0,0.0,11,3.1690980005901945
,,,,,,,,,2021-12-15,4.0,0.0,12.8,2.713894322610532
,,,,,,,,,2021-12-16,4.0,0.0,13.3,7.829307629039423
,,,,,,,,,2021-12-17,0.0,0.0,9.3,3.604247119547479
,,,,,,,,,2021-12-18,0.0,0.0,9.9,5.579739687003588
,,,,,,,,,2021-12-19,0.0,0.0,8.1,5.406437822320033
,,,,,,,,,2021-12-20,0.0,0.0,8,9.643212812863931
,,,,,,,,,2021-12-21,0.0,4.5,7.4,4.107888187216441
,,,,,,,,,2021-12-22,0.0,0.9,12.5,7.1652153209255225
,,,,,,,,,2021-12-23,4.0,0.0,14.7,3.4650331139148993
,,,,,,,,,2021-12-24,0.0,4.2,11,3.848943626191371
,,,,,,,,,2021-12-25,0.0,22.0,9.1,4.455841677566492
,,,,,,,,,2021-12-26,0.0,0.8,11.1,0.490948854730463
,,,,,,,,,2021-12-27,0.0,8.5,10,9.330941884409395
,,,,,,,,,2021-12-28,0.0,3.2,15,4.294253056941776
,,,,,,,,,2021-12-29,0.0,0.0,16,7.941005252675738
,,,,,,,,,2021-12-30,0.0,8.1,17.4,0.5052886582717708
,,,,,,,,,2021-12-31,0.0,0.3,15.8,1.9591572661326995
